category,2000年,2001年,2002年,2003年,2004年,2005年,2006年,2007年,2008年,2009年,2010年,2011年,2012年,2013年,2014年,2015年,2016年,2017年,2018年,2019年,2020年,2021年,2022年,2023年
世帯数分布(抽出率調整),10000,10000,10000,10000,10000,10000,10000,10000,10000,10000,10000,10000,10000,10000,10000,10000,10000,10000,10000,10000,10000,10000,10000,10000
集計世帯数,8638,8633,8620,8625,8606,8605,8563,8535,8521,8531,8526,8365,8489,8478,8467,8471,8400,8395,8319,8182,8167,8088,7999,7909
世帯人員(人),2.7,2.67,2.63,2.62,2.59,2.57,2.55,2.54,2.52,2.49,2.47,2.47,2.45,2.44,2.41,2.38,2.35,2.33,2.33,2.3,2.27,2.25,2.22,2.2
18歳未満人員(人),0.54,0.52,0.51,0.49,0.49,0.47,0.46,0.46,0.46,0.46,0.44,0.44,0.42,0.41,0.41,0.39,0.38,0.37,0.38,0.38,0.37,0.35,0.35,0.34
65歳以上人員(人),0.48,0.5,0.51,0.53,0.53,0.55,0.57,0.59,0.59,0.59,0.6,0.62,0.64,0.67,0.69,0.71,0.72,0.74,0.72,0.71,0.72,0.71,0.71,0.71
うち無職者人員(人),0.38,0.4,0.42,0.42,0.43,0.45,0.47,0.49,0.48,0.48,0.5,0.51,0.52,0.54,0.56,0.57,0.58,0.59,0.58,0.57,0.58,0.57,0.56,0.56
有業人員(人),1.29,1.27,1.22,1.21,1.19,1.19,1.17,1.16,1.15,1.13,1.11,1.09,1.09,1.09,1.07,1.09,1.08,1.06,1.08,1.07,1.06,1.06,1.05,1.05
世帯主の年齢(歳),52.3,52.9,53.2,53.5,53.9,54.7,55,55.5,55.6,55.7,56.4,56.9,57.5,58,58.3,58.9,59,59.3,59.3,59.3,59.3,59.4,59.5,59.5
持家率(％),66.8,67.3,67,68.3,68.1,69.2,69.4,71.5,72.5,71.4,71.9,71,73.7,75.4,74.7,75.1,75.7,76.5,75.8,76.4,76.4,74.4,75,75.9
家賃・地代を支払っている世帯の割合(％),30.2,29.9,29.6,28.4,28.7,27.6,27.2,25.7,25.4,26.4,25.6,26.3,23.7,22.3,23.1,22.3,21.8,21,21.6,21.2,21.2,22.2,22.2,21.3
消費支出,3374494,3278199,3238022,3197186,3213351,3198092,3097033,3138316,3135668,3044643,3027938,2966673,2971816,3018910,3017778,2965515,2909095,2921476,2956782,2996452,2802811,2821442,2930777,2967861
食料,865711,838846,833521,813349,812367,799817,783561,794255,800434,782693,772546,766320,768690,780450,792776,812646,814503,811232,813023,819064,800137,792706,815241,860624
穀類,75435,72220,70541,71830,72265,67230,65121,65651,68699,68697,66147,65432,65707,64477,63156,62718,62696,62375,62976,62863,65314,62569,61858,63970
米,32769,31105,29539,30310,30539,27191,25338,24932,25424,24914,23315,22488,23276,22672,20194,18249,18634,18917,19374,18052,18503,16962,15236,15596
パン,23438,22327,22506,22906,23388,22243,22410,23041,23957,24279,23773,23767,23751,23524,24453,25378,25102,24723,25213,26304,25551,25415,26177,27120
麺類,15607,15253,15074,15150,14976,13877,13546,13691,15000,15288,15124,15203,14685,14345,14296,14639,14462,14172,14148,14259,16510,15671,15826,16640
他の穀類,3621,3535,3421,3464,3362,3919,3828,3987,4318,4216,3936,3974,3996,3937,4213,4452,4498,4562,4241,4248,4749,4521,4619,4615
魚介類,90520,86979,84577,80491,77280,76152,74652,74645,72752,70272,67055,64441,63620,64282,64782,65648,64157,61846,59257,58302,60731,58649,57218,58049
生鮮魚介,55185,52506,51599,48861,46483,45416,44493,44284,42201,40751,38645,36673,35975,36430,36613,36999,36272,34381,32586,32181,33566,32778,30931,31260
塩干魚介,16349,15860,15249,14751,14205,14311,13901,13915,13804,13093,12564,12127,11844,11958,11894,12083,11702,11497,11050,10553,10964,10234,10169,10561
魚肉練製品,8424,8406,7803,7533,7427,7347,7267,7384,7845,7700,7370,7213,7314,7144,7298,7327,7197,7077,6775,6776,6925,6846,7191,7280
他の魚介加工品,10562,10207,9926,9346,9165,9078,8991,9062,8903,8728,8476,8428,8486,8749,8976,9239,8986,8891,8846,8793,9277,8792,8928,8948
肉類,63951,59103,58682,58755,58250,59633,58876,60437,63537,61828,59716,60392,59192,62156,66498,68708,68729,69388,69457,67889,74179,72388,71715,73346
生鮮肉,49616,45677,45539,45649,45525,46784,46030,47159,49702,48153,46309,46714,45630,48235,51990,54300,54522,55264,55847,53981,59355,57985,57575,59020
加工肉,14335,13425,13143,13107,12725,12849,12846,13278,13836,13675,13407,13679,13562,13921,14507,14409,14207,14124,13611,13908,14824,14403,14140,14327
乳卵類,37579,35388,35989,35209,34063,34178,32962,32417,32622,32561,32544,32334,33193,33833,34882,36107,37320,37286,37233,37296,39712,38635,37689,41056
牛乳,18209,17110,17101,17103,16437,15679,14865,14391,13933,13738,13498,12851,12698,12779,12535,12836,12654,12477,12229,12381,12755,11844,11745,12530
乳製品,12009,11308,11914,11476,11195,11200,11237,11205,11466,11844,12224,12473,13836,14364,15034,15898,17115,17233,17425,17627,18876,18647,17924,18389
卵,7360,6969,6974,6630,6431,7298,6860,6820,7222,6979,6821,7010,6659,6689,7313,7372,7550,7576,7579,7289,8081,8144,8020,10138
野菜・海藻,92870,90614,88965,88766,88232,86114,85109,84661,84556,82869,83802,82430,81454,83343,84365,87695,88219,86908,87935,83376,89521,85063,83851,84864
生鮮野菜,55791,54649,53544,53774,53909,52402,52516,52362,52595,52014,53922,52778,52716,54446,55482,58327,58727,57429,58210,54316,59608,56525,55839,56074
乾物・海藻,9023,8816,8624,8784,8448,8808,8202,7973,7859,7827,7421,7322,7004,7235,7271,7417,7498,7498,7484,7437,7519,7035,6899,6853
大豆加工品,12858,12508,12622,12476,12381,12012,11841,11814,11687,11257,10865,10596,10403,10551,10527,10832,10787,10706,10862,10697,11052,10517,10316,10946
他の野菜・海藻加工品,15198,14640,14175,13731,13495,12893,12550,12512,12415,11772,11593,11734,11331,11111,11085,11118,11207,11275,11379,10926,11342,10986,10797,10991
果物,38305,37652,36532,34283,34400,33808,32088,33490,32418,31518,31529,31104,31816,31663,32573,33294,33676,32990,32794,32779,33912,34088,33720,34920
生鮮果物,36549,35902,34874,32587,32819,32209,30536,31947,31002,30041,29956,29461,29989,29748,30352,30853,31173,30289,29969,29918,30854,30974,30729,31653
果物加工品,1756,1751,1658,1696,1581,1600,1552,1544,1416,1477,1573,1643,1826,1915,2221,2441,2503,2701,2825,2862,3059,3114,2991,3266
油脂・調味料,33095,31994,31980,32067,31957,31537,31146,31602,33082,33178,32380,32773,32530,32514,33076,34283,34326,34676,34910,34646,37502,36628,36520,37355
油脂,3496,3329,3420,3351,3418,3360,3271,3396,3776,3607,3281,3204,3215,3347,3403,4020,3668,3633,3660,3777,3987,3922,4184,4154
調味料,29599,28665,28560,28717,28539,28177,27874,28205,29306,29571,29100,29569,29316,29167,29673,30263,30658,31043,31249,30869,33516,32705,32337,33201
菓子類,66564,66262,65790,65476,64201,63890,64088,64873,67083,67818,66412,65335,65843,67168,68253,69775,69823,69634,70313,72388,70153,72309,76899,81111
調理食品,90888,91169,90541,91079,90474,90825,91374,91471,90334,89384,90465,92371,94246,94475,97511,101668,106228,107686,110104,112801,116634,122327,126716,130749
主食的調理食品,38607,38961,39324,39108,39437,39654,39907,40169,40537,39544,40006,41037,41508,41679,43039,45360,47204,47499,48031,49726,51291,53637,56140,57772
他の調理食品,52281,52209,51217,51971,51036,51171,51468,51301,49796,49839,50459,51334,52738,52796,54472,56308,59025,60186,62073,63074,65343,68690,70576,72977
飲料,43033,42736,43047,42156,43508,43570,43229,44395,42833,43096,43924,44748,44989,45507,45269,46590,48213,48025,49607,51472,52491,52683,53912,56143
茶類,12292,12322,12434,12294,12508,12529,12067,12427,11994,11768,11649,11602,11281,11543,11343,11358,11830,11667,12241,12414,12318,11947,11702,12190
コーヒー・ココア,8538,8415,8559,8442,8196,8279,8645,8694,8762,9190,9142,9067,9058,9347,9778,10640,10664,10269,10548,10743,10981,11154,11317,11540
他の飲料,22203,21999,22055,21419,22804,22763,22517,23274,22078,22138,23134,24078,24650,24616,24148,24591,25719,26090,26818,28315,29192,29582,30893,32413
酒類,43997,42181,41978,40326,40045,39555,37933,39358,39340,37955,38046,36577,35968,36086,36845,36261,36230,35896,34430,35366,38400,39077,38419,37313
外食,188496,180699,183588,171908,177073,172916,166036,170161,172092,162557,160024,157673,158675,164140,165020,169165,164541,163868,163752,169369,121060,117765,136389,161468
一般外食,178706,171216,174546,163427,168236,164671,157720,161512,163981,153940,151538,149489,150724,156638,157578,162014,157730,157157,156983,162606,115321,111226,130264,156113
学校給食,9790,9482,9042,8481,8836,8245,8316,8649,8112,8616,8486,8184,7951,7502,7442,7152,6811,6710,6768,6763,5739,6539,6124,5356
賄い費,977,1849,1312,1003,619,408,946,1093,1086,960,501,710,1456,806,546,733,344,654,255,517,526,526,335,280
住居,262339,256995,253329,255114,248267,245590,234411,231548,227240,220875,228180,235549,227704,232297,229046,224351,213675,214880,225599,220366,223441,236087,244101,241823
家賃地代,169784,164040,161764,165058,164187,158680,157494,150544,150343,149226,146404,151305,139957,136196,138496,134487,131376,125447,132553,130234,135742,144153,148957,147893
設備修繕・維持,92555,92954,91565,90056,84080,86910,76918,81004,76897,71650,81776,84243,87747,96101,90549,89864,82299,89433,93045,90132,87699,91934,95144,93930
設備材料,19894,17418,23410,25400,24491,26628,26280,25947,24085,21748,24202,28549,27328,28763,27016,25975,26744,25541,27919,26616,27481,30322,31139,32017
工事その他のサービス,72661,75536,68155,64657,59589,60282,50637,55057,52812,49901,57575,55694,60419,67337,63533,63888,55554,63892,65126,63516,60219,61612,64005,61913
光熱・水道,220755,218837,214823,213821,214936,219492,226893,222260,233039,221227,223631,224534,233154,237995,241578,234702,214873,218711,224137,221820,219678,215278,244798,238408
電気代,99045,95885,95353,93360,95495,94691,96667,94947,100641,98527,101048,98260,104370,109415,113663,112036,102710,104499,109810,109203,107688,103274,126707,122664
ガス代,61275,61087,59292,60270,58188,58119,60393,59289,62787,60108,57486,57509,59433,58807,59670,58956,51430,50265,50589,50815,49631,48789,54559,54326
他の光熱,12848,14119,11855,12069,11737,16767,19873,17712,19648,13379,15403,18741,19343,18911,18238,12927,10334,13335,14167,13102,12182,11716,14441,12847
上下水道料,47587,47747,48323,48121,49515,49915,49959,50311,49964,49213,49694,50024,50007,50861,50007,50784,50398,50612,49571,48700,50177,51498,49092,48571
家具・家事用品,117903,119175,110576,108955,104982,105543,101453,103383,103805,105553,105408,105456,105995,108259,109586,105244,107497,108192,108434,115212,121911,118558,119283,120050
家庭用耐久財,36453,40819,34639,33585,32751,34079,32428,32271,32638,34005,36399,33337,33739,36606,36146,33377,35035,35469,35797,40072,40059,38523,40213,40612
家事用耐久財,17978,19121,16744,16605,17460,17949,17692,17757,17385,18426,18950,17316,16310,18091,18767,17118,16679,18424,18261,20997,20747,20623,20707,21584
冷暖房用器具,11050,12948,10874,9670,9095,9990,9015,8913,10049,9973,12952,11102,11976,13288,11825,11478,13326,11686,12887,13305,13696,13425,14379,14113
一般家具,7425,8750,7020,7310,6197,6140,5721,5602,5203,5606,4497,4919,5453,5228,5554,4781,5030,5360,4650,5771,5615,4475,5127,4915
室内装備・装飾品,12636,11746,11868,12522,10240,10594,8848,9345,8955,8836,7352,8214,9146,8549,8469,8047,7847,7754,6529,6671,6437,6895,7507,6981
寝具類,10678,9731,8468,8259,8489,8483,8008,8205,7435,7681,7131,7873,7555,7746,8363,7576,7377,7230,8443,7751,9000,8984,7584,7063
家事雑貨,25248,24321,24365,22637,21874,21780,21170,22012,22168,22190,21526,21964,22201,21218,21645,21810,21442,21571,21615,22627,23755,23263,23026,23372
家事用消耗品,22367,21575,21485,22366,21606,21263,21577,22274,22991,23304,23036,23932,23869,24704,25725,25537,26909,27153,27479,29268,33510,32450,32296,33364
家事サービス,10519,10984,9751,9586,10022,9343,9422,9276,9619,9537,9965,10136,9486,9436,9238,8897,8886,9015,8571,8823,9150,8441,8658,8657
被服及び履物,182266,168702,164623,155406,154528,148858,145266,145622,142303,134783,127610,126110,124614,126872,130935,125506,116396,116268,113904,114162,92291,90818,95661,93854
和服,7888,6330,5318,6026,6598,5013,6022,4708,3834,3764,2591,3446,3279,2006,2870,2366,1563,2168,1663,1632,1083,1527,1198,718
洋服,71886,68080,65701,62675,61092,57602,58017,58278,57509,53917,50924,48295,47336,50148,52005,50098,45493,46291,46468,46709,37149,35735,38766,36675
男子用洋服,22458,22131,21030,19955,18617,18864,18852,19217,18927,16894,16241,14464,14411,15914,16200,15523,14499,15136,15423,14634,11413,11398,13650,12573
婦人用洋服,41290,38316,37375,35397,35330,32434,32471,32493,32026,30849,28864,27853,27165,28502,29778,29040,25623,25917,25926,27001,21204,20411,21278,20249
子供用洋服,8138,7633,7296,7323,7145,6304,6693,6568,6555,6175,5819,5979,5760,5732,6027,5535,5371,5238,5120,5073,4532,3926,3838,3852
シャツ・セーター類,37388,34363,33181,32308,33245,32125,30183,30042,29108,27398,26145,26451,25890,27292,27213,26394,24843,24080,22775,22992,18317,18177,19503,19192
男子用シャツ・セーター類,11415,10529,10331,9689,10034,9828,9218,9348,8829,8358,7789,8080,7603,8298,8257,7952,7649,7593,6840,7503,6003,5759,6317,6204
婦人用シャツ・セーター類,23116,21258,20468,20176,20703,19866,18618,18523,18067,17003,16516,16513,16551,17154,17132,16715,15544,14855,14325,13913,10910,11154,11891,11631
子供用シャツ・セーター類,2857,2576,2382,2443,2508,2432,2347,2171,2212,2037,1840,1858,1736,1840,1825,1727,1650,1633,1610,1576,1404,1265,1294,1357
下着類,16066,14435,15085,13505,13089,13482,12668,12355,12453,11463,11441,11767,11479,11333,11328,10442,10419,10411,10208,10229,9001,9672,8691,9165
男子用下着類,5084,4690,4520,4198,3983,4270,3859,3951,3984,3639,3600,3865,3676,3713,3544,3334,3433,3270,3095,2941,2607,2600,2490,2721
婦人用下着類,9217,8199,9040,7942,7829,7906,7557,7217,7303,6685,6704,6754,6719,6526,6661,6041,5911,6104,6014,6206,5403,6192,5335,5551
子供用下着類,1765,1547,1525,1365,1277,1306,1252,1187,1165,1139,1137,1148,1085,1094,1124,1067,1075,1037,1099,1082,991,879,867,893
生地・糸類,3062,2702,2647,2182,1899,2107,1873,2609,1704,1808,1498,1492,1575,1400,1462,1343,1314,1420,1168,1235,1412,1059,981,973
他の被服,13535,12993,12307,11310,11446,11495,10925,11229,11139,11104,10494,10548,10708,10652,10705,10051,9122,9364,9238,8986,7274,7168,7657,7780
履物類,19541,18059,18654,16607,16455,16694,15949,16538,16570,16412,15828,16001,16181,16331,17553,17355,16134,15557,15441,15662,12505,12323,13085,13783
被服関連サービス,12900,11741,11730,10793,10704,10340,9629,9863,9987,8916,8688,8110,8166,7710,7798,7458,7508,6977,6942,6717,5551,5157,5780,5567
保健医療,116212,119753,118676,128041,127352,133993,130640,133606,130443,131796,128931,130708,132403,132987,133468,132034,131790,132485,135891,142637,141605,143670,145677,144364
医薬品,20774,20541,21158,20929,19693,19155,18599,18479,18638,21439,24586,24944,24784,24585,24202,25026,25119,25498,25032,26848,27035,26548,26384,26831
健康保持用摂取品,7592,10139,9959,12208,13933,15024,12480,12037,12451,11828,13288,13228,14101,14434,13353,14016,14488,14194,14683,13123,13594,13370,13058,13575
保健医療用品・器具,24506,23009,21435,22828,22414,23100,21538,21991,22451,22067,21589,21455,22757,22163,24065,20927,21468,22511,22346,24588,29445,27214,27561,25944
保健医療サービス,63340,66064,66124,72076,71312,76714,78022,81099,76904,76462,69467,71081,70761,71805,71848,72064,70715,70281,73830,78078,71531,76537,78674,78014
交通・通信,395656,387132,393293,401051,413287,418412,397740,404467,412391,396701,403205,380100,407603,421269,422980,403306,391545,396695,425734,433826,389186,388714,402269,420859
交通,84794,79716,79505,77923,79694,78785,71385,74277,71775,66408,64177,63228,63056,66773,64241,66455,61783,62221,63692,70131,35699,38740,50432,60677
自動車等関係費,206392,198023,200333,204386,213209,220737,206139,207750,217689,206818,216536,193488,221142,230901,233631,207975,198216,201222,226795,228028,217576,216567,224880,238565
自動車等購入,63913,61002,53550,57997,64351,57776,47170,48320,50053,53186,58200,38895,56948,64487,66192,52824,52009,50451,59959,57700,60337,51430,52808,58497
自転車購入,2900,2159,2365,2274,2252,2135,2037,2539,2844,2442,2709,2595,2475,2669,2851,2591,3237,3058,3759,3595,3073,3213,3270,3337
自動車等維持,139580,134862,144418,144115,146607,160826,156932,156891,164792,151190,155628,151998,161718,163745,164587,152560,142971,147713,163077,166733,154166,161923,168802,176731
通信,104469,109394,113455,118742,120384,118890,120216,122440,122927,123475,122492,123384,123405,123596,125108,128875,131546,133252,135248,135667,135911,133407,126956,121617
教育,122676,113598,112037,114031,115393,108966,109225,109970,109364,109363,100303,98748,97987,97071,90932,90269,92025,89550,94971,91592,80530,92301,87704,79077
授業料等,91728,86536,85616,88378,87809,84020,82704,84799,84389,83349,75259,73656,72651,71567,66709,67298,69874,66788,71358,68733,57735,69196,64202,59467
教科書・学習参考教材,3264,2930,2961,2640,2648,2743,2466,2268,2390,2354,2052,2154,1907,1841,1713,1824,1725,1530,1463,1779,1710,1693,1661,1477
補習教育,27684,24132,23459,23013,24936,22203,24056,22903,22585,23661,22992,22937,23429,23663,22510,21148,20427,21232,22149,21081,21085,21412,21841,18133
教養娯楽,379219,366583,359759,347128,360390,354994,344220,356662,357457,356440,358923,330874,320598,326187,327417,315478,317549,312533,311882,322638,261711,270697,292750,311340
教養娯楽用耐久財,41418,38531,37057,33851,34582,36908,34759,38663,38009,43645,53295,33343,20097,20344,22836,17689,18208,18833,17971,20646,25364,26532,23227,22352
教養娯楽用品,82869,80816,77971,75287,75019,74015,72585,74891,75270,74628,71471,69616,69720,70223,70280,70480,71594,71144,71224,72804,71893,74018,73376,76266
書籍・他の印刷物,52084,50687,53615,51705,52591,51813,48740,48846,48939,47292,46214,45411,44339,43364,42646,40795,40281,39303,37013,36708,35711,35573,33759,33778
教養娯楽サービス,202848,196549,191117,186286,198198,192257,188136,194262,195239,190875,187943,182503,186442,192256,191656,186514,187466,183254,185673,192479,128744,134574,162389,178943
宿泊料,20666,18532,19372,18700,19007,18276,18121,19220,19997,17499,17608,17667,17020,18803,20260,21679,21056,20100,20747,22008,10856,12197,19996,24325
パック旅行費,61399,56901,52247,48680,54959,51193,52251,50909,52092,45891,46226,41967,44067,46844,44771,41749,41379,37860,37752,40295,10085,6681,16084,23996
月謝類,36091,36352,34445,34170,35283,32848,30520,33061,31040,31255,30967,29686,30256,29193,28960,29495,29059,28115,27777,28286,21566,23063,24785,24991
他の教養娯楽サービス,84692,84765,85052,84735,88949,89940,87245,91071,92110,96230,93142,93183,95100,97415,97665,93591,95972,97178,99398,101890,86237,92633,101524,105633
その他の消費支出,711756,688577,677384,660290,661849,662428,623625,636543,619193,585210,579201,568275,553067,555523,539059,521981,509241,520931,503207,515134,472321,472615,483291,457464
諸雑費,215567,214805,224430,222392,232434,236111,229013,242623,246323,239803,241632,241954,241663,249305,254768,244371,246516,248638,245309,252779,245185,249733,260619,256683
理美容サービス,36158,35807,34374,33869,34742,33714,34069,33802,34119,33268,32629,32993,33138,33115,33938,33914,33861,33552,32683,34128,31330,33066,33973,38063
理美容用品,39291,38304,40258,39894,41221,41353,39743,40894,42354,42103,43385,43645,44154,44773,43816,44041,44649,45726,45175,48744,47693,47657,47340,49590
身の回り用品,25741,25120,25818,24001,23503,23286,22821,24200,23188,21458,20480,19111,19930,21911,22040,21112,19725,21610,18386,20592,17734,17396,18852,18448
たばこ,16890,16029,15257,15434,14216,14750,14343,14629,14281,13744,14188,14658,15723,14371,14004,13812,14465,13039,13783,13932,15181,15747,15894,15133
他の諸雑費,97486,99544,108723,109194,118753,123008,118037,129099,132381,129231,130950,131547,128719,135135,140969,131492,133816,134710,135282,135382,133247,135869,144561,135449
こづかい(使途不明),190758,176552,165425,158700,152892,148014,138119,131215,126921,114332,109931,104528,96097,93355,86441,80543,74575,73141,71914,74495,63643,54942,51068,44700
交際費,205891,202298,200223,194931,195001,199195,178770,189608,177871,169680,163117,162383,159686,155277,145026,138394,131830,132866,131220,132158,113877,111195,114166,110469
贈与金,163700,161288,158813,151095,150044,156341,139883,147529,138325,129748,123276,125463,121636,121062,113095,107940,102034,102884,94995,93462,74794,70704,78047,74719
他の交際費,42191,41010,41410,43836,44956,42854,38886,42079,39546,39932,39840,36920,38049,34215,31931,30454,29797,29982,36225,38696,39083,40491,36118,35750
仕送り金,99540,94923,87306,84267,81522,79109,77723,73097,68077,61394,64522,59411,55621,57586,52824,58673,56319,66287,54764,55702,49617,56744,57439,45611
財・サービス支出計,2878305,2804426,2785068,2759289,2783937,2771775,2702421,2744396,2762799,2699236,2690368,2640352,2660411,2712691,2733487,2687906,2646370,2649182,2698885,2734097,2575675,2598561,2708105,2767081
財(商品),1641611,1592414,1570758,1554542,1552112,1545189,1511143,1526661,1549268,1511947,1522655,1483104,1500864,1531495,1553706,1511791,1485968,1489993,1513927,1530704,1536927,1527371,1572718,1600809
耐久財,190115,184595,175132,179118,179552,180317,160168,167817,168403,175622,193935,158027,162342,174851,177864,153420,155049,153615,165532,171775,176451,171989,174543,180759
半耐久財,305621,286264,283322,268741,270610,264456,256506,260648,257553,246139,235951,232905,235152,238819,244294,235097,225404,227743,225701,231507,208820,210709,214185,217330
非耐久財,1145875,1121555,1112304,1106682,1101950,1100417,1094468,1098196,1123313,1090187,1092769,1092172,1103370,1117824,1131548,1123273,1105515,1108635,1122694,1127423,1151656,1144673,1183990,1202720
サービス,1236694,1212012,1214310,1204747,1231825,1226585,1191278,1217735,1213530,1187289,1167714,1157248,1159547,1181197,1179781,1176115,1160402,1159189,1184958,1203393,1038748,1071189,1135387,1166271
食料(財・サービス),865711,838846,833521,813349,812367,799817,783561,794255,800434,782693,772546,766320,768690,780450,792776,812646,814503,811232,813023,819064,800137,792706,815241,860624
非耐久財(食料),676238,656298,648621,640437,634675,626492,616579,623001,627256,619176,612021,607937,608558,615503,627210,642748,649618,646711,649016,649178,678551,674415,678517,698875
サービス(食料),189474,182548,184900,172911,177692,173324,166982,171254,173178,163517,160525,158383,160131,164946,165566,169898,164885,164521,164007,169886,121586,118291,136724,161749
住居(財・サービス),262339,256995,253329,255114,248267,245590,234411,231548,227240,220875,228180,235549,227704,232297,229046,224351,213675,214880,225599,220366,223441,236087,244101,241823
耐久財(住居),15519,13564,18449,19914,18490,21288,19645,20048,19080,18000,20272,24236,23827,24386,22599,22187,23370,22064,23967,22495,23259,25912,26762,27557
半耐久財(住居),4375,3854,4961,5486,6002,5340,6635,5899,5004,3748,3929,4314,3501,4377,4417,3789,3375,3477,3952,4121,4221,4410,4377,4460
サービス(住居),242445,239577,229919,229714,223776,218962,208131,205601,203155,199127,203979,206999,200375,203534,202029,198375,186930,189339,197680,193750,195960,205765,212962,209806
家具・家事用品(財・サービス),117903,119175,110576,108955,104982,105543,101453,103383,103805,105553,105408,105456,105995,108259,109586,105244,107497,108192,108434,115212,121911,118558,119283,120050
耐久財(家具・家事用品),46207,49762,43680,43256,40478,42422,39399,39753,39618,41460,41988,39178,40630,43281,43135,39432,40944,41088,40734,45283,45900,44287,46254,46138
半耐久財(家具・家事用品),38809,36854,35660,33748,32876,32515,31055,32079,31578,31252,30419,32211,32010,30838,31488,31378,30757,30935,31651,31837,33350,33379,32075,31890
非耐久財(家具・家事用品),22367,21575,21485,22366,21606,21263,21577,22274,22991,23304,23036,23932,23869,24704,25725,25537,26909,27153,27479,29268,33510,32450,32296,33364
サービス(家具・家事用品),10519,10984,9751,9586,10022,9343,9422,9276,9619,9537,9965,10136,9486,9436,9238,8897,8886,9015,8571,8823,9150,8441,8658,8657
被服及び履物(財・サービス),182266,168702,164623,155406,154528,148858,145266,145622,142303,134783,127610,126110,124614,126872,130935,125506,116396,116268,113904,114162,92291,90818,95661,93854
半耐久財(被服及び履物),169366,156962,152893,144613,143824,138518,135636,135759,132316,125867,118921,118000,116449,119162,123138,118048,108889,109291,106962,107445,86740,85661,89881,88287
サービス(被服及び履物),12900,11741,11730,10793,10704,10340,9629,9863,9987,8916,8688,8110,8166,7710,7798,7458,7508,6977,6942,6717,5551,5157,5780,5567
保健医療(財・サービス),116212,119753,118676,128041,127352,133993,130640,133606,130443,131796,128931,130708,132403,132987,133468,132034,131790,132485,135891,142637,141605,143670,145677,144364
耐久財(保健医療),10370,9465,8529,8963,8999,9807,9010,9588,9114,8403,8762,8871,8966,8749,9225,7993,8208,8912,8824,9747,8592,8536,8946,8651
半耐久財(保健医療),5027,4790,4424,4990,5181,4957,4311,4088,4734,4074,4539,3999,4866,4792,6048,4296,4512,4593,4205,4769,4654,5207,4418,4279
非耐久財(保健医療),37475,39434,39599,42012,41860,42515,39297,38832,39692,42857,46162,46757,47810,47641,46347,47681,48354,48698,49032,50043,56828,53389,53639,53420
サービス(保健医療),63340,66064,66124,72076,71312,76714,78022,81099,76904,76462,69467,71081,70761,71805,71848,72064,70715,70281,73830,78078,71531,76537,78674,78014
交通・通信(財・サービス),395656,387132,393293,401051,413287,418412,397740,404467,412391,396701,403205,380100,407603,421269,422980,403306,391545,396695,425734,433826,389186,388714,402269,420859
耐久財(交通・通信),69922,66768,59232,63715,69241,62457,51677,53999,55791,58524,64103,44822,62546,70349,71876,58379,58624,57372,68183,66720,69098,61059,62985,69756
半耐久財(交通・通信),15095,13873,15208,15192,16146,17012,15518,17003,18197,19482,19251,17040,20537,21271,21647,18654,18900,19130,22564,24336,24009,24253,25918,28758
非耐久財(交通・通信),46800,46025,46191,48315,51196,56261,60130,60231,67979,52123,57305,59512,60521,62969,62791,51358,43510,47712,55012,54558,42425,48431,54534,56101
サービス(交通・通信),263839,260467,272662,273828,276704,282682,270415,273234,270423,266573,262547,258728,263999,266680,266666,274914,270511,272480,279975,288213,253654,254972,258832,266244
教育(財・サービス),122676,113598,112037,114031,115393,108966,109225,109970,109364,109363,100303,98748,97987,97071,90932,90269,92025,89550,94971,91592,80530,92301,87704,79077
非耐久財(教育),3264,2930,2961,2640,2648,2743,2466,2268,2390,2354,2052,2154,1907,1841,1713,1824,1725,1530,1463,1779,1710,1693,1661,1477
サービス(教育),119413,110668,109076,111391,112745,106223,106759,107702,106974,107009,98250,96593,96080,95230,89219,88445,90301,88020,93508,89814,78820,90608,86043,77600
教養娯楽(財・サービス),379219,366583,359759,347128,360390,354994,344220,356662,357457,356440,358923,330874,320598,326187,327417,315478,317549,312533,311882,322638,261711,270697,292750,311340
耐久財(教養娯楽),39655,36932,35566,32329,32907,35424,33387,37171,36448,42411,52044,32138,19187,19252,21700,16556,16985,17907,17139,19887,24456,25815,22457,21575
半耐久財(教養娯楽),49039,46413,45142,41659,43753,43420,40860,42133,42807,40742,38638,38077,37656,37096,35933,38526,39091,39023,37972,38889,38063,40707,39385,40420
非耐久財(教養娯楽),85765,84935,86285,85208,83682,78581,76367,76924,76917,76440,74134,72368,71418,71483,71671,64970,64911,63089,60853,61509,60057,59861,59056,60631
サービス(教養娯楽),204761,198304,192767,187932,200048,197569,193606,200435,201285,196847,194107,188290,192337,198357,198113,195425,196563,192514,195918,202353,139135,144313,171852,188714
諸雑費(財・サービス),215567,214805,224430,222392,232434,236111,229013,242623,246323,239803,241632,241954,241663,249305,254768,244371,246516,248638,245309,252779,245185,249733,260619,256683
耐久財(諸雑費),8441,8104,9676,10940,9438,8919,7050,7258,8352,6824,6765,8782,7185,8835,9328,8874,6918,6272,6684,7643,5146,6380,7138,7082
半耐久財(諸雑費),23910,23519,25034,23054,22827,22695,22491,23686,22916,20973,20255,19265,20133,21284,21624,20407,19882,21293,18396,20109,17782,17093,18131,19237
非耐久財(諸雑費),53212,51522,52339,51882,51346,53069,51160,52407,53051,52705,54427,54979,56133,55688,54513,54452,55614,55031,55702,59267,58897,59156,59488,60444
サービス(諸雑費),130003,131660,137382,136516,148823,151429,148312,159272,162005,159301,160185,158928,158212,163498,169303,160639,164103,166042,164528,165759,163361,167104,175862,169920
調整集計世帯数,999866,999982,1000033,999961,1000098,1000015,1000051,1000000,1000035,1000063,999983,999968,999947,1000001,999947,999972,999990,999962,1000037,999946,1000063,999955,999954,999964
教養娯楽関係費,425085,408404,402498,389892,403737,398464,382118,395925,395214,391667,392546,364906,354234,362164,361004,350205,348890,345733,344923,359216,274241,284863,317656,340968
耐久財(教養娯楽関係費),42919,39383,38582,35971,35115,37308,35175,39011,38083,44516,53020,33108,20499,20823,22588,17656,18073,18957,17904,20771,24865,26670,23182,22209
他の教養娯楽関係費,382166,369020,363916,353921,368622,361156,346943,356915,357131,347151,339526,331798,333735,341341,338416,332549,330817,326776,327019,338445,249376,258193,294474,318759
読書,52084,50687,53615,51705,52591,51813,48740,48846,48939,47292,46214,45411,44339,43364,42646,40795,40281,39303,37013,36708,35711,35573,33759,33778
聴視・観覧,26380,26184,27416,27973,28858,28462,27835,29717,30483,30879,31250,31066,31519,31574,32207,31881,33501,34519,34939,34696,29303,30546,32873,33037
旅行,125396,116826,112202,107601,115636,111192,107415,109532,109495,97981,98185,94252,95148,101646,100096,100042,95311,92477,92795,99979,35268,35433,63728,81441
スポーツ,31543,30021,27840,26478,27301,28739,27102,27714,29548,28671,25146,27106,27223,28348,27577,28960,28953,27972,28933,32116,25494,26332,28010,30656
月謝,32778,31938,30803,30992,31943,30140,28165,29895,28100,28731,27767,27326,27729,26596,26664,26737,26883,26274,25977,25927,19391,20142,21962,22108
会費・つきあい費,16500,15446,14991,13979,14452,13607,12352,12389,12568,11507,11842,10980,10918,10764,9844,9584,8974,8176,8398,8896,7098,6490,6282,6183
その他の教養娯楽,97485,97918,97050,95194,97841,97203,95333,98821,97999,102089,99123,95656,96859,99048,99382,94548,96913,98055,98963,100122,97111,103678,107860,111556
消費支出(再掲),3374494,3278199,3238022,3197186,3213351,3198092,3097033,3138316,3135668,3044643,3027938,2966673,2971816,3018910,3017778,2965515,2909095,2921476,2956782,2996452,2802811,2821442,2930777,2967861
基礎的支出,1932117,1899106,1891918,1883865,1875420,1848294,1806793,1819546,1824815,1767506,1704355,1699428,1686755,1710259,1717853,1752090,1713699,1715830,1733837,1733372,1701865,1704682,1771571,1776166
選択的支出,1442377,1379092,1346104,1313321,1337931,1349798,1290240,1318770,1310854,1277137,1323583,1267245,1285060,1308651,1299924,1213425,1195396,1205646,1222946,1263080,1100947,1116760,1159206,1191696
